shapeid,partid,x,y,fid,OBJECTID,Shape_Leng,Shape_Area,zone,LocationID,borough
"0",,285056.54861644,58075.2001752074,"1","1",0.116357453189,0.0007823067885,Newark Airport,"1",EWR
"1",,314711.406340904,50990.8539074001,"2","2",0.43346966679,0.00486634037837,Jamaica Bay,"2",Queens
"2",,312689.682932365,77656.9775861315,"3","3",0.0843411059012,0.000314414156821,Allerton/Pelham Gardens,"3",Bronx
"3",,301941.21261399,61906.6900639253,"4","4",0.0435665270921,0.000111871946192,Alphabet City,"4",Manhattan
"4",,283912.002870536,42622.5486581086,"5","5",0.0921464898574,0.000497957489363,Arden Heights,"5",Staten Island
"5",,294263.344895824,48017.735510843,"6","6",0.150490542523,0.000606460984581,Arrochar/Fort Wadsworth,"6",Staten Island
"6",,306629.172912622,66010.7168522588,"7","7",0.107417171123,0.000389787989274,Astoria,"7",Queens
"7",,306482.922620194,67956.4144552418,"8","8",0.0275906911574,2.6587716279e-05,Astoria Park,"8",Queens
"8",,317900.90681158,65288.2879339099,"9","9",0.0997840924705,0.000338443803197,Auburndale,"9",Queens
"9",,317613.230770354,56816.1277349268,"10","10",0.0998394794152,0.000435823818081,Baisley Park,"10",Queens
"10",,299101.523891787,48561.4245585212,"11","11",0.0792110389596,0.00026452053504,Bath Beach,"11",Brooklyn
"11",,298690.878039185,59500.8347165893,"12","12",0.0366613013579,4.15116236727e-05,Battery Park,"12",Manhattan
"12",,298637.877562591,60514.0098101169,"13","13",0.0502813228631,0.000149358592917,Battery Park City,"13",Manhattan
"13",,297423.806942829,50739.0652196821,"14","14",0.175213698053,0.00138177826442,Bay Ridge,"14",Brooklyn
"14",,317896.777373173,68709.5493897632,"15","15",0.14433622262,0.000925219395547,Bay Terrace/Fort Totten,"15",Queens
"15",,319279.838079149,66046.6554595586,"16","16",0.141291873771,0.000871889446182,Bayside,"16",Queens
"16",,304295.476436462,58336.5931922773,"17","17",0.093522632948,0.000322957654799,Bedford,"17",Brooklyn
"17",,309532.633787107,77971.5365733881,"18","18",0.0697995498569,0.000148850163948,Bedford Park,"18",Bronx
"18",,322986.598041699,63310.2894999388,"19","19",0.101824875452,0.000546661094782,Bellerose,"19",Queens
"19",,309609.009877605,76751.2130992001,"20","20",0.0514401924362,0.000134512633032,Belmont,"20",Bronx
"20",,301582.697905859,48347.3605143054,"21","21",0.115973569062,0.000380251345507,Bensonhurst East,"21",Brooklyn
"21",,300482.643226931,49188.7589861357,"22","22",0.126170229196,0.000472062684608,Bensonhurst West,"22",Brooklyn
"22",,286505.903870176,48965.2585028009,"23","23",0.290556028962,0.00219556576201,Bloomfield/Emerson Hill,"23",Staten Island
"23",,302905.53459497,70555.5648091696,"24","24",0.0469999619287,6.07235737749e-05,Bloomingdale,"24",Manhattan
"24",,301144.670540748,57627.0056749828,"25","25",0.0471458199319,0.000124168267356,Boerum Hill,"25",Brooklyn
"25",,300883.250821147,51297.0099787077,"26","26",0.12354780707,0.000534039927626,Borough Park,"26",Brooklyn
"26",,307641.00561357,43565.146711942,"27","27",0.202508808518,0.00134088762746,Breezy Point/Fort Tilden/Riis Beach,"27",Queens
"27",,316280.988925351,60447.4706160228,"28","28",0.097960782214,0.000291203927662,Briarwood/Jamaica Hills,"28",Queens
"28",,303337.495468065,46143.2860929018,"29","29",0.0714083127733,0.000201673837402,Brighton Beach,"29",Brooklyn
"29",,315226.206014932,48676.3340133221,"30","30",0.0945097669793,0.000145862107626,Broad Channel,"30",Queens
"30",,310478.197709832,76990.8661658139,"31","31",0.0964245666516,0.000333975927329,Bronx Park,"31",Bronx
"31",,311413.112546329,77495.4435578905,"32","32",0.05426721601,0.000150879171971,Bronxdale,"32",Bronx
"32",,300394.810686427,58806.6704050018,"33","33",0.0532702931967,0.000147416802448,Brooklyn Heights,"33",Brooklyn
"33",,302729.828613736,59509.0649851913,"34","34",0.0657059323545,0.000173946146651,Brooklyn Navy Yard,"34",Brooklyn
"34",,307400.672986832,55209.2476708794,"35","35",0.085787918592,0.000323825195932,Brownsville,"35",Brooklyn
"35",,307051.721434969,59126.1061941473,"36","36",0.0870507867063,0.000247666139269,Bushwick North,"36",Brooklyn
"36",,306258.850770284,58812.5397027122,"37","37",0.142810040466,0.000452062644782,Bushwick South,"37",Brooklyn
"37",,322352.339363625,58513.613241707,"38","38",0.0832175685234,0.000327392684821,Cambria Heights,"38",Queens
"38",,308478.411855629,52441.8933548834,"39","39",0.132369620757,0.00090028293862,Canarsie,"39",Brooklyn
"39",,300353.550294102,56837.3359766144,"40","40",0.0518506648762,0.000108949211644,Carroll Gardens,"40",Brooklyn
"40",,304044.883581388,70797.3063454751,"41","41",0.052793109453,0.000143093037737,Central Harlem,"41",Manhattan
"41",,305102.505918162,72668.1927739634,"42","42",0.0927092274616,0.000263896952605,Central Harlem North,"42",Manhattan
"42",,302906.080779633,68381.9914299838,"43","43",0.0997386183576,0.000379662912054,Central Park,"43",Manhattan
"43",,280549.556573668,40071.8744296366,"44","44",0.235688967594,0.00194465649192,Charleston/Tottenville,"44",Staten Island
"44",,300147.651417159,60674.4331368036,"45","45",0.0459068626235,9.13594688556e-05,Chinatown,"45",Manhattan
"45",,318005.244796081,75626.0601172415,"46","46",0.134475429879,0.000926391677672,City Island,"46",Bronx
"46",,308692.023483111,75415.4526932242,"47","47",0.0898275563294,0.000163198117339,Claremont/Bathgate,"47",Bronx
"47",,300856.46856388,66135.7269619637,"48","48",0.0437467441431,9.42538425377e-05,Clinton East,"48",Manhattan
"48",,302964.148916117,57949.6917395738,"49","49",0.0752900183427,0.000203185525471,Clinton Hill,"49",Brooklyn
"49",,300515.078369699,66630.4869725638,"50","50",0.0557479867536,0.000173249283326,Clinton West,"50",Manhattan
"50",,314294.380641801,78567.6415634596,"51","51",0.0953613442277,0.000395756553505,Co-Op City,"51",Bronx
"51",,300260.150716328,57736.8537297271,"52","52",0.0289076710093,4.52027509603e-05,Cobble Hill,"52",Brooklyn
"52",,313162.237787457,68340.7444192871,"53","53",0.161500913385,0.000947530980821,College Point,"53",Queens
"53",,299718.588477804,57684.7438482128,"54","54",0.0762192448554,0.000132452130536,Columbia Street,"54",Brooklyn
"54",,300806.568127894,45554.4850969014,"55","55",0.149956807524,0.000736274713586,Coney Island,"55",Brooklyn
"55",,311904.71935033,63853.4160227119,"56","56",0.0568478126677,0.000180907844436,Corona,"56",Queens
"56",,312381.535086045,65044.3555168014,"57","57",0.0192705048557,1.80259807917e-05,Corona,"57",Queens
"57",,315120.982756088,74950.5799316328,"58","58",0.0598554094851,0.000204980931361,Country Club,"58",Bronx
"58",,309018.028302495,74650.1561411365,"59","59",0.0377948070893,6.28765230648e-05,Crotona Park,"59",Bronx
"59",,309296.74981567,73810.3096883229,"60","60",0.0786482878226,0.000161833284912,Crotona Park East,"60",Bronx
"60",,304964.517449073,56321.3567300483,"61","61",0.117310808097,0.000510772092295,Crown Heights North,"61",Brooklyn
"61",,304289.583526629,55570.9993374154,"62","62",0.0822593359838,0.000158238169004,Crown Heights South,"62",Brooklyn
"62",,310340.573143596,57544.8109527558,"63","63",0.119100721883,0.000353190910142,Cypress Hills,"63",Brooklyn
"63",,322680.807919247,65992.1648904638,"64","64",0.18445188474,0.00105790284614,Douglaston,"64",Queens
"64",,301219.551474524,58710.6242121204,"65","65",0.0446070683658,8.1803882541e-05,Downtown Brooklyn/MetroTech,"65",Brooklyn
"65",,301150.837153838,59416.862618963,"66","66",0.0546334593634,0.000108378855948,DUMBO/Vinegar Hill,"66",Brooklyn
"66",,298753.069137083,50169.0659575158,"67","67",0.0997470781551,0.000394282272487,Dyker Heights,"67",Brooklyn
"67",,300005.054023008,64598.81455292,"68","68",0.0493373795569,0.000111073378655,East Chelsea,"68",Manhattan
"68",,307138.840533792,73731.6802619615,"69","69",0.0789896450483,0.00019905160381,East Concourse/Concourse Village,"69",Bronx
"69",,311111.303324741,66334.0354579777,"70","70",0.0638403183367,0.000195458476728,East Elmhurst,"70",Queens
"70",,305266.815299777,52999.6573544778,"71","71",0.0931694551828,0.000382572587364,East Flatbush/Farragut,"71",Brooklyn
"71",,306748.284050065,53948.3263285608,"72","72",0.0952020695166,0.000323532461947,East Flatbush/Remsen Village,"72",Brooklyn
"72",,316333.416073595,65205.4339474602,"73","73",0.0853020209129,0.000291799754395,East Flushing,"73",Queens
"73",,305205.454712601,70949.1418683324,"74","74",0.11029093625,0.000295038418204,East Harlem North,"74",Manhattan
"74",,304645.681518106,69292.4203698892,"75","75",0.0876638997685,0.00024056392715,East Harlem South,"75",Manhattan
"75",,310281.965077581,54643.7328387086,"76","76",0.241203016269,0.00126660143241,East New York,"76",Brooklyn
"76",,308817.770314968,55643.0018160133,"77","77",0.075461081444,0.000191917981315,East New York/Pennsylvania Avenue,"77",Brooklyn
"77",,309559.201512088,75447.0996694861,"78","78",0.0935944495806,0.000191114419551,East Tremont,"78",Bronx
"78",,301249.109878468,62327.6510970999,"79","79",0.0426249113144,0.000107893068218,East Village,"79",Manhattan
"79",,304873.001453831,60832.8076227578,"80","80",0.117212621448,0.00040732245622,East Williamsburg,"80",Brooklyn
"80",,313020.133993797,78931.4510836315,"81","81",0.197592771731,0.00039956655019,Eastchester,"81",Bronx
"81",,310782.664189393,63503.5920455965,"82","82",0.119875649697,0.000323601079994,Elmhurst,"82",Queens
"82",,309356.817213783,63688.4000582428,"83","83",0.105984933269,0.000217463718718,Elmhurst/Maspeth,"83",Queens
"83",,285262.592721771,40585.0502724663,"84","84",0.233623987032,0.00207375572052,Eltingville/Annadale/Prince's Bay,"84",Staten Island
"84",,304042.282981021,53368.2808355633,"85","85",0.0574751473562,0.000143637804933,Erasmus,"85",Brooklyn
"85",,320805.337055761,48432.4555288076,"86","86",0.134245282582,0.000623278815249,Far Rockaway,"86",Queens
"86",,299339.822083544,59963.9522133493,"87","87",0.0369015496117,6.72050210692e-05,Financial District North,"87",Manhattan
"87",,299044.368285906,59601.3221650013,"88","88",0.0352046035327,5.72999455414e-05,Financial District South,"88",Manhattan
"88",,303155.743753039,52671.3363594981,"89","89",0.122794569553,0.000447548142373,Flatbush/Ditmas Park,"89",Brooklyn
"89",,300272.175907793,63949.0670180629,"90","90",0.0307591620819,5.53132476305e-05,Flatiron,"90",Manhattan
"90",,305707.31174699,51163.427900258,"91","91",0.124996624585,0.000537330013243,Flatlands,"91",Brooklyn
"91",,314316.03019345,66359.4734274726,"92","92",0.117830066799,0.000374946617289,Flushing,"92",Queens
"92",,313354.620338154,63593.3765353349,"93","93",0.170998027597,0.000594278183978,Flushing Meadows-Corona Park,"93",Queens
"93",,308381.640701488,76803.8721278457,"94","94",0.0498326083147,6.25819407393e-05,Fordham South,"94",Bronx
"94",,312823.226090256,61841.2690256234,"95","95",0.113629605476,0.00057277033803,Forest Hills,"95",Queens
"95",,310479.535476796,58761.0691760166,"96","96",0.185180248095,0.000547566253402,Forest Park/Highland Park,"96",Queens
"96",,302064.44479136,58182.5622019421,"97","97",0.0624760147423,0.000163303970435,Fort Greene,"97",Brooklyn
"97",,318621.91530136,63005.8235420452,"98","98",0.121661018278,0.000485773020954,Fresh Meadows,"98",Queens
"98",,284107.601707516,45873.3286842171,"99","99",0.1833714893,0.00121016463877,Freshkills Park,"99",Staten Island
"99",,300947.00358856,65167.096571955,"100","100",0.0248131090342,3.74700210291e-05,Garment District,"100",Manhattan
"100",,324571.834856674,64120.4174942109,"101","101",0.101709836277,0.000452342528877,Glen Oaks,"101",Queens
"101",,309972.5166503,59528.6401077518,"102","102",0.136900484646,0.000296595466345,Glendale,"102",Queens
"102",,296180.896392564,58099.4088615702,"103","103",0.0143055167343,6.33056361314e-06,Governor's Island/Ellis Island/Liberty Island,"103",Manhattan
"103",,296692.774347198,59077.795407467,"104","104",0.0212208330928,1.19205339715e-05,Governor's Island/Ellis Island/Liberty Island,"103",Manhattan
"104",,298411.304424151,57907.2872348722,"105","105",0.0774253398314,0.000368636392805,Governor's Island/Ellis Island/Liberty Island,"103",Manhattan
"105",,300696.382562084,56266.2363422009,"106","106",0.0492110119798,0.000113616826567,Gowanus,"106",Brooklyn
"106",,301409.74137923,63371.9900366751,"107","107",0.0380413645908,7.46112192675e-05,Gramercy,"107",Manhattan
"107",,301661.275370127,46910.5854066695,"108","108",0.11117141227,0.000352866009465,Gravesend,"108",Brooklyn
"108",,287064.003266514,42448.769707295,"109","109",0.178267819599,0.00116960076185,Great Kills,"109",Staten Island
"109",,289339.04425701,41827.3807544476,"110","110",0.103946292913,0.000525745098785,Great Kills Park,"110",Staten Island
"110",,300762.123175901,53906.9998311125,"111","111",0.0599308800658,0.000208683276503,Green-Wood Cemetery,"111",Brooklyn
"111",,304353.007553942,62427.2223835097,"112","112",0.107267875765,0.000462068671429,Greenpoint,"112",Brooklyn
"112",,300453.776964429,62831.9049760771,"113","113",0.032745350566,5.79634566998e-05,Greenwich Village North,"113",Manhattan
"113",,300111.685872951,62401.666033318,"114","114",0.0317270347711,4.70207704945e-05,Greenwich Village South,"114",Manhattan
"114",,292174.14007605,50358.8891380842,"115","115",0.116169413964,0.000373168991958,Grymes Hill/Clifton,"115",Staten Island
"115",,304439.741471744,73388.373256664,"116","116",0.0681164844265,0.000260415337217,Hamilton Heights,"116",Manhattan
"116",,318953.818794033,47705.8967030105,"117","117",0.169885857987,0.00090429427072,Hammels/Arverne,"117",Queens
"117",,288395.59929282,46533.1162582218,"118","118",0.243966217692,0.00182693922711,Heartland Village/Todt Hill,"118",Staten Island
"118",,306159.817279571,74410.6876480677,"119","119",0.0835070355744,0.000185779447534,Highbridge,"119",Bronx
"119",,305835.076443776,75440.3091543474,"120","120",0.0832612702158,9.31462821313e-05,Highbridge Park,"120",Manhattan
"120",,316922.456640769,62280.5890864335,"121","121",0.0969153373445,0.000384563286473,Hillcrest/Pomonok,"121",Queens
"121",,320148.119487207,60480.9381276793,"122","122",0.0665318439446,0.000226597104976,Hollis,"122",Queens
"122",,302945.680696856,48142.986521777,"123","123",0.0834211389387,0.000296445173366,Homecrest,"123",Brooklyn
"123",,312684.560773117,54745.2305699455,"124","124",0.127724410062,0.000754837821479,Howard Beach,"124",Queens
"124",,299393.774610494,62042.4052685337,"125","125",0.0497322121757,7.64293209892e-05,Hudson Sq,"125",Manhattan
"125",,309704.573841949,71881.2370302056,"126","126",0.12994872606,0.0007032738273,Hunts Point,"126",Bronx
"126",,306717.048700764,77557.5286345777,"127","127",0.0600188855815,0.000163195647796,Inwood,"127",Manhattan
"127",,306285.856588964,78348.3781155065,"128","128",0.0702090290681,0.000207405982869,Inwood Hill Park,"128",Manhattan
"128",,309507.458689442,65788.7320297682,"129","129",0.0932727273403,0.00047398833179,Jackson Heights,"129",Queens
"129",,316872.858664262,59607.1721890652,"130","130",0.142028320665,0.000468322514327,Jamaica,"130",Queens
"130",,319316.430018221,61516.343085612,"131","131",0.116547120922,0.000423696152789,Jamaica Estates,"131",Queens
"131",,318756.241520409,52874.4983085841,"132","132",0.24547851707,0.00203830095472,JFK Airport,"132",Queens
"132",,302170.957582471,52493.803360921,"133","133",0.065134863162,0.000157188987507,Kensington,"133",Brooklyn
"133",,314366.333957262,60210.016611989,"134","134",0.0695878223284,0.000202375182143,Kew Gardens,"134",Queens
"134",,314869.356181389,62505.2465859651,"135","135",0.121793045659,0.000467912240542,Kew Gardens Hills,"135",Queens
"135",,307948.412543136,77529.8833863978,"136","136",0.0906287154122,0.000148524994129,Kingsbridge Heights,"136",Bronx
"136",,301932.594056519,63706.4595752062,"137","137",0.0461076242707,0.000116455098947,Kips Bay,"137",Manhattan
"137",,310737.96446971,67546.0924973501,"138","138",0.107466933508,0.000536797294367,LaGuardia Airport,"138",Queens
"138",,321700.352429571,56785.2957589533,"139","139",0.0932997884483,0.000446669880154,Laurelton,"139",Queens
"139",,303835.925492633,66499.8089924801,"140","140",0.0475842911325,0.000114203907779,Lenox Hill East,"140",Manhattan
"140",,303401.483901036,66647.5134556424,"141","141",0.0415144638712,7.66545579019e-05,Lenox Hill West,"141",Manhattan
"141",,301574.260426984,67431.7009401829,"142","142",0.0381758942321,7.56537920738e-05,Lincoln Square East,"142",Manhattan
"142",,301015.313875236,67638.6234716422,"143","143",0.0541798538849,0.00015109426901,Lincoln Square West,"143",Manhattan
"143",,300219.107369404,61509.9195842071,"144","144",0.0276201668505,4.74789670369e-05,Little Italy/NoLiTa,"144",Manhattan
"144",,304332.676331373,64399.3898282585,"145","145",0.114313844981,0.000346641733797,Long Island City/Hunters Point,"145",Queens
"145",,305604.35052844,65281.8514811186,"146","146",0.0471405215717,0.000104638923425,Long Island City/Queens Plaza,"146",Queens
"146",,308588.875268852,72466.2372135463,"147","147",0.0587654949268,0.000106418172757,Longwood,"147",Bronx
"147",,300784.214916343,61357.846561219,"148","148",0.0391305015633,6.97489921327e-05,Lower East Side,"148",Manhattan
"148",,304360.824394932,48849.1839946574,"149","149",0.0836805821837,0.000270639618955,Madison,"149",Brooklyn
"149",,304835.826808488,45929.4341412943,"150","150",0.089331491183,0.000332568036088,Manhattan Beach,"150",Brooklyn
"150",,302716.691623242,70092.8045871396,"151","151",0.0548899410999,0.000128848901918,Manhattan Valley,"151",Manhattan
"151",,303853.441625008,72282.2023057811,"152","152",0.0579094768782,0.000146637644064,Manhattanville,"152",Manhattan
"152",,307496.778884435,78728.5025932982,"153","153",0.024737239022,3.24684964817e-05,Marble Hill,"153",Manhattan
"153",,308793.249246382,47360.7235188234,"154","154",0.22733157076,0.00178968692433,Marine Park/Floyd Bennett Field,"154",Brooklyn
"154",,307889.13808982,50099.2167253006,"155","155",0.169808473032,0.000868261018498,Marine Park/Mill Basin,"155",Brooklyn
"155",,286051.972769784,51325.1999214002,"156","156",0.144476890476,0.0010521217443,Mariners Harbor,"156",Staten Island
"156",,308285.795526462,61898.5490702967,"157","157",0.131300217777,0.000354370128323,Maspeth,"157",Queens
"157",,299291.649396289,63138.6534814622,"158","158",0.0548099905515,0.000185568253002,Meatpacking/West Village West,"158",Manhattan
"158",,307290.608373047,72360.5587608941,"159","159",0.064363233206,0.00017124910387,Melrose South,"159",Bronx
"159",,310078.846646087,61286.0616144907,"160","160",0.14151914297,0.000571234977994,Middle Village,"160",Queens
"160",,301905.690566683,65690.5865181724,"161","161",0.0358039100611,7.19130682992e-05,Midtown Center,"161",Manhattan
"161",,302352.12819674,65534.0999983772,"162","162",0.0352698146219,4.78936962112e-05,Midtown East,"162",Manhattan
"162",,301826.555056499,66378.9553916653,"163","163",0.0341768669752,4.08567804196e-05,Midtown North,"163",Manhattan
"163",,301188.361411972,64644.4890290719,"164","164",0.0357716119908,5.56318237441e-05,Midtown South,"164",Manhattan
"164",,303841.29707252,50448.0503857773,"165","165",0.088608036213,0.000353959317019,Midwood,"165",Brooklyn
"165",,303221.892752751,71392.7275738162,"166","166",0.0688237542871,0.000255276270405,Morningside Heights,"166",Manhattan
"166",,308060.562975271,73441.7167500768,"167","167",0.0908159737292,0.000167529391193,Morrisania/Melrose,"167",Bronx
"167",,306998.572743348,71158.7254166284,"168","168",0.114517434155,0.000547058100444,Mott Haven/Port Morris,"168",Bronx
"168",,308009.190034879,75787.7966321138,"169","169",0.0601046580332,0.000146027537733,Mount Hope,"169",Bronx
"169",,301947.362930441,64516.5679530558,"170","170",0.0457690091051,7.43150675972e-05,Murray Hill,"170",Manhattan
"170",,316135.79919561,66898.0754478238,"171","171",0.107353876244,0.000520099538161,Murray Hill-Queens,"171",Queens
"171",,291199.813342429,45067.2596289746,"172","172",0.118476116148,0.000658402501406,New Dorp/Midland Beach,"172",Staten Island
"172",,311562.538978713,64983.4195622852,"173","173",0.0600639661414,0.000178329851357,North Corona,"173",Queens
"173",,310303.701255751,78870.9426007991,"174","174",0.0678177559602,0.000155928664422,Norwood,"174",Bronx
"174",,320493.743760281,64058.2545227942,"175","175",0.134897665102,0.000504920726134,Oakland Gardens,"175",Queens
"175",,289869.998592078,43913.5391278695,"176","176",0.151995190703,0.000657782126267,Oakwood,"176",Staten Island
"176",,307515.506038795,56685.0512654015,"177","177",0.0715805407056,0.000198894762248,Ocean Hill,"177",Brooklyn
"177",,302480.309085133,50078.181493753,"178","178",0.0682528770739,0.000175805409143,Ocean Parkway South,"178",Brooklyn
"178",,306178.852637928,67158.6414835977,"179","179",0.0713808644377,0.000183893478476,Old Astoria,"179",Queens
"179",,312735.763115613,56477.3377430533,"180","180",0.0805277671523,0.000247682193353,Ozone Park,"180",Queens
"180",,301771.771492773,56117.3867072497,"181","181",0.0895372399547,0.000306890292807,Park Slope,"181",Brooklyn
"181",,311981.365337706,74492.7192002163,"182","182",0.0393606369479,9.10644156732e-05,Parkchester,"182",Bronx
"182",,314179.024989594,75847.460617702,"183","183",0.0398262960348,9.51929451066e-05,Pelham Bay,"183",Bronx
"183",,316472.555415021,77542.054622469,"184","184",0.260815683043,0.00198883363103,Pelham Bay Park,"184",Bronx
"184",,312211.296976487,76277.3774829169,"185","185",0.0861619681636,0.000228537100218,Pelham Parkway,"185",Bronx
"185",,300637.177082588,64607.6300406862,"186","186",0.0246963902234,3.70729416953e-05,Penn Station/Madison Sq West,"186",Manhattan
"186",,288057.112287439,50955.8354490048,"187","187",0.126868431324,0.000421195755741,Port Richmond,"187",Staten Island
"187",,304634.376709823,54512.9807650223,"188","188",0.0977983968367,0.000313003032771,Prospect-Lefferts Gardens,"188",Brooklyn
"188",,302682.621406825,56691.0377126636,"189","189",0.0486743306502,0.000101427594033,Prospect Heights,"189",Brooklyn
"189",,302456.615776327,54850.355878343,"190","190",0.0743294660829,0.000270873666522,Prospect Park,"190",Brooklyn
"190",,321874.58446358,60842.2866510361,"191","191",0.130932637664,0.000688460603185,Queens Village,"191",Queens
"191",,315608.654048678,64172.6147165039,"192","192",0.11196461971,0.000373808019026,Queensboro Hill,"192",Queens
"192",,305042.051963959,66080.5028214746,"193","193",0.0655299584801,0.000145591657944,Queensbridge/Ravenswood,"193",Queens
"193",,306665.105645273,69380.894416531,"194","194",0.0817938353532,0.000273481702719,Randalls Island,"194",Manhattan
"194",,299192.639245534,56499.5048416199,"195","195",0.131308244067,0.000801651953985,Red Hook,"195",Brooklyn
"195",,311489.145205814,61859.3536540717,"196","196",0.0832421106332,0.0001974713336,Rego Park,"196",Queens
"196",,314449.954036274,58461.2036889908,"197","197",0.108568532229,0.000504689160432,Richmond Hill,"197",Queens
"197",,308282.470424047,59731.1261669197,"198","198",0.134094242763,0.000499809882564,Ridgewood,"198",Queens
"198",,309829.370753027,69452.4958898352,"199","199",0.0778085005169,0.000288747549303,Rikers Island,"199",Bronx
"199",,307881.814522685,81422.9199719878,"200","200",0.112661735435,0.000744643168558,Riverdale/North Riverdale/Fieldston,"200",Bronx
"200",,312933.740797056,45628.9146370836,"201","201",0.130404117686,0.000619350747819,Rockaway Park,"201",Queens
"201",,304187.230157675,66018.1689236042,"202","202",0.0699215712618,0.000106175396322,Roosevelt Island,"202",Manhattan
"202",,322264.789362256,54760.6127952139,"203","203",0.189937815868,0.000615129861659,Rosedale,"203",Queens
"203",,282465.835908737,41560.0642428033,"204","204",0.101912418311,0.000641384265972,Rossville/Woodrow,"204",Staten Island
"204",,320064.941549358,58387.5066819909,"205","205",0.141953388327,0.000766216513505,Saint Albans,"205",Queens
"205",,289580.774551385,52120.162254335,"206","206",0.212756793386,0.000944392507762,Saint George/New Brighton,"206",Staten Island
"206",,308500.475405546,66282.104987048,"207","207",0.0283756831492,4.47230848441e-05,Saint Michaels Cemetery/Woodside,"207",Queens
"207",,314772.105190601,73085.4098462228,"208","208",0.214721009581,0.00202032598969,Schuylerville/Edgewater Park,"208",Bronx
"208",,299800.592422357,60167.1515883808,"209","209",0.0306953113473,3.88703351209e-05,Seaport,"209",Manhattan
"209",,304711.955888078,47428.4034300512,"210","210",0.114851983372,0.000453155131253,Sheepshead Bay,"210",Brooklyn
"210",,299883.855845647,61878.3331491961,"211","211",0.0252345082132,3.97291966087e-05,SoHo,"211",Manhattan
"211",,310974.125032101,73477.5574304164,"212","212",0.0671290653429,0.000161276191858,Soundview/Bruckner,"212",Bronx
"212",,311744.733353807,72169.8812913318,"213","213",0.159958783822,0.000904077906339,Soundview/Castle Hill,"213",Bronx
"213",,292729.016203966,46637.3158995111,"214","214",0.135300314246,0.000811976523012,South Beach/Dongan Hills,"214",Staten Island
"214",,317718.691162481,58600.432675578,"215","215",0.103556453625,0.000395647022725,South Jamaica,"215",Queens
"215",,315174.593041571,56693.7437279304,"216","216",0.116797554681,0.000816076647781,South Ozone Park,"216",Queens
"216",,303647.017687961,59586.1466526393,"217","217",0.0553905251285,0.000114733270758,South Williamsburg,"217",Brooklyn
"217",,319267.27500731,56320.0112803889,"218","218",0.0837008281049,0.000281293736407,Springfield Gardens North,"218",Queens
"218",,320210.524121834,54835.4238348466,"219","219",0.155126669675,0.000428176336771,Springfield Gardens South,"219",Queens
"219",,307427.402873345,79428.1133643313,"220","220",0.106015943267,0.000313035744467,Spuyten Duyvil/Kingsbridge,"220",Bronx
"220",,293117.738334057,50368.6614760321,"221","221",0.166218220846,0.000890111567051,Stapleton,"221",Staten Island
"221",,309969.125947794,53331.3475043042,"222","222",0.0483893527976,0.000130268343918,Starrett City,"222",Brooklyn
"222",,307878.411547539,67911.8358939245,"223","223",0.166021925275,0.00076436070058,Steinway,"223",Queens
"223",,301871.793855634,62747.9761349735,"224","224",0.0440204462769,9.84786989135e-05,Stuy Town/Peter Cooper Village,"224",Manhattan
"224",,305794.93743697,57981.259222054,"225","225",0.0887992073281,0.000310835395162,Stuyvesant Heights,"225",Brooklyn
"225",,305970.276453399,63143.8425330925,"226","226",0.168957762041,0.00076194414504,Sunnyside,"226",Queens
"226",,299425.252925085,52738.9699071922,"227","227",0.0828301570789,0.000268316529534,Sunset Park East,"227",Brooklyn
"227",,299157.601446778,54073.8464587848,"228","228",0.177685177706,0.000993414783816,Sunset Park West,"228",Brooklyn
"228",,302940.816852576,65509.1184398414,"229","229",0.0425252900116,9.47058230931e-05,Sutton Place/Turtle Bay North,"229",Manhattan
"229",,301336.157049223,65870.1674566203,"230","230",0.0310283096779,5.60914463266e-05,Times Sq/Theatre District,"230",Manhattan
"230",,299432.923683203,61300.5221792617,"231","231",0.0634201165587,0.000166929752992,TriBeCa/Civic Center,"231",Manhattan
"231",,301495.010176013,60933.1311881436,"232","232",0.0614709085331,0.000216049973456,Two Bridges/Seward Park,"232",Manhattan
"232",,302427.51975848,64685.2614855789,"233","233",0.048035918294,0.000116188094682,UN/Turtle Bay South,"233",Manhattan
"233",,300804.300860177,63701.1680760519,"234","234",0.0360721994984,7.31054382894e-05,Union Sq,"234",Manhattan
"234",,307169.934462121,76274.2360358861,"235","235",0.0761668426519,0.000212844547337,University Heights/Morris Heights,"235",Bronx
"235",,303632.10387352,68163.7383725572,"236","236",0.0442519223099,0.000102864345211,Upper East Side North,"236",Manhattan
"236",,302896.614895783,66836.4224582745,"237","237",0.0422126003388,9.59873206621e-05,Upper East Side South,"237",Manhattan
"237",,302294.428363902,69415.2575599796,"238","238",0.0601093114033,0.000184763693765,Upper West Side North,"238",Manhattan
"238",,301833.919841124,68564.6153725184,"239","239",0.0636261152958,0.000204715440774,Upper West Side South,"239",Manhattan
"239",,310190.820426136,80857.9180163498,"240","240",0.146069764379,0.000722130920707,Van Cortlandt Park,"240",Bronx
"240",,308728.451038208,78771.54902465,"241","241",0.0687645777649,0.00025467697592,Van Cortlandt Village,"241",Bronx
"241",,313502.31404907,75849.2951262737,"242","242",0.138136446433,0.000360072450014,Van Nest/Morris Park,"242",Bronx
"242",,305663.864325079,76846.7656309908,"243","243",0.0943314999364,0.000438377341503,Washington Heights North,"243",Manhattan
"243",,304919.606991227,74908.2221853116,"244","244",0.0805686044599,0.000359702747951,Washington Heights South,"244",Manhattan
"244",,291271.146200843,51287.2434446213,"245","245",0.0959830596604,0.000466175414294,West Brighton,"245",Staten Island
"245",,299618.918297832,65047.4640783811,"246","246",0.0694671937437,0.000281298327076,West Chelsea/Hudson Yards,"246",Manhattan
"246",,306321.374160822,73575.8871727855,"247","247",0.0929678582271,0.000205617157843,West Concourse,"247",Bronx
"247",,310879.571911791,74188.1627597363,"248","248",0.0569191167671,0.000149592769799,West Farms/Bronx River,"248",Bronx
"248",,299789.082413305,63067.9390589744,"249","249",0.03638434365,7.22155957729e-05,West Village,"249",Manhattan
"249",,312696.076722774,73948.248199447,"250","250",0.0796263465454,0.000240975845956,Westchester Village/Unionport,"250",Bronx
"250",,289572.036937226,50304.1234671802,"251","251",0.1377111611,0.000625754983157,Westerleigh,"251",Staten Island
"251",,315581.327902457,69053.1303535099,"252","252",0.158004373564,0.00102526406057,Whitestone,"252",Queens
"252",,313385.753877149,65908.9879789012,"253","253",0.0360514998192,7.83395761191e-05,Willets Point,"253",Queens
"253",,311945.466211306,79580.8940644128,"254","254",0.0858863754861,0.000360040216032,Williamsbridge/Olinville,"254",Bronx
"254",,303621.830976639,61316.7725012301,"255","255",0.0623841997664,0.000172309184842,Williamsburg (North Side),"255",Brooklyn
"255",,303455.44296246,60444.1806505248,"256","256",0.0679149669603,0.000168611097013,Williamsburg (South Side),"256",Brooklyn
"256",,301924.964868641,54079.1888425379,"257","257",0.0586690259793,0.00013890947321,Windsor Terrace,"257",Brooklyn
"257",,312117.991833731,58137.856172555,"258","258",0.0890133787693,0.000366209617143,Woodhaven,"258",Queens
"258",,312104.274196702,81344.5874579736,"259","259",0.126750305191,0.000394552487366,Woodlawn/Wakefield,"259",Bronx
"259",,308131.993443365,64425.6693167389,"260","260",0.133514154636,0.000422345326907,Woodside,"260",Queens
"260",,298908.261265292,60221.1907122527,"261","261",0.0271204563616,3.43423231652e-05,World Trade Center,"261",Manhattan
"261",,304572.956637349,67724.8114069238,"262","262",0.0490636231541,0.000122330270966,Yorkville East,"262",Manhattan
"262",,304118.818878908,67942.3829425323,"263","263",0.0370166252994,6.57697664169e-05,Yorkville West,"263",Manhattan
